{"cameraMode":{"drawMode":0,"name":"Shaded","section":"Shading Mode"},"sceneLighting":false,"audioPlay":false,"sceneViewState":{"showFog":true,"showMaterialUpdate":false,"showSkybox":false,"showFlares":true,"showImageEffects":true,"showParticleSystems":true},"in2DMode":false,"pivot":{"x":728.6126098632813,"y":-0.6696739196777344,"z":-15.0},"rotation":{"x":0.07812165468931198,"y":-0.9084921479225159,"z":0.1970696598291397,"w":0.36014261841773989},"size":50.37518310546875,"orthographic":false}